"term","type"
"type","string"
"modified","date"
"language","string"
"license","string"
"rightsHolder","string"
"accessRights","string"
"bibliographicCitation","string"
"references","uri"
"institutionID","string"
"datasetID","string"
"institutionCode","string"
"datasetName","string"
"ownerInstitutionCode","string"
"informationWithheld","string"
"dataGeneralizations","string"
"dynamicProperties","string"
"eventID","string"
"parentEventID","string"
"eventType","string"
"fieldNumber","string"
"eventDate","string"
"eventTime","string"
"startDayOfYear","integer"
"endDayOfYear","integer"
"year","integer"
"month","integer"
"day","integer"
"verbatimEventDate","string"
"habitat","string"
"samplingProtocol","string"
"sampleSizeValue","string"
"sampleSizeUnit","string"
"samplingEffort","string"
"fieldNotes","string"
"eventRemarks","string"
"locationID","string"
"higherGeographyID","string"
"higherGeography","string"
"continent","string"
"waterBody","string"
"islandGroup","string"
"island","string"
"country","string"
"countryCode","string"
"stateProvince","string"
"county","string"
"municipality","string"
"locality","string"
"verbatimLocality","string"
"minimumElevationInMeters","decimal"
"maximumElevationInMeters","decimal"
"verbatimElevation","string"
"verticalDatum","string"
"minimumDepthInMeters","decimal"
"maximumDepthInMeters","decimal"
"verbatimDepth","string"
"minimumDistanceAboveSurfaceInMeters","decimal"
"maximumDistanceAboveSurfaceInMeters","decimal"
"locationAccordingTo","string"
"locationRemarks","string"
"decimalLatitude","decimal"
"decimalLongitude","decimal"
"geodeticDatum","string"
"coordinateUncertaintyInMeters","decimal"
"coordinatePrecision","decimal"
"pointRadiusSpatialFit","decimal"
"verbatimCoordinates","string"
"verbatimLatitude","string"
"verbatimLongitude","string"
"verbatimCoordinateSystem","string"
"verbatimSRS","string"
"footprintWKT","string"
"footprintSRS","string"
"footprintSpatialFit","decimal"
"georeferencedBy","string"
"georeferencedDate","string"
"georeferenceProtocol","string"
"georeferenceSources","string"
"georeferenceRemarks","string"
"geologicalContextID","string"
"earliestEonOrLowestEonothem","string"
"latestEonOrHighestEonothem","string"
"earliestEraOrLowestErathem","string"
"latestEraOrHighestErathem","string"
"earliestPeriodOrLowestSystem","string"
"latestPeriodOrHighestSystem","string"
"earliestEpochOrLowestSeries","string"
"latestEpochOrHighestSeries","string"
"earliestAgeOrLowestStage","string"
"latestAgeOrHighestStage","string"
"lowestBiostratigraphicZone","string"
"highestBiostratigraphicZone","string"
"lithostratigraphicTerms","string"
"group","string"
"formation","string"
"member","string"
"bed","string"
